usage_id,subscription_id,usage_date,feature_name,usage_count,usage_duration_secs,error_count,is_beta_feature
U-1c6c24,S-0fcf7d,2023-07-27,feature_20,9,5004,0,0
U-f07cb8,S-c25263,2023-08-07,feature_5,9,369,0,0
U-096807,S-f29e7f,2023-12-07,feature_3,9,1458,0,0
U-6b1580,S-be655e,2024-07-28,feature_40,5,2085,0,0
U-720a29,S-f9b1d0,2024-12-02,feature_12,12,900,0,0
U-c5692d,S-e958ba,2023-10-31,feature_14,11,4103,0,0
U-7078db,S-0c9fdd,2023-09-20,feature_34,8,2016,2,0
U-a60033,S-4e4ab7,2023-06-05,feature_27,10,5470,0,0
U-5cd930,S-a3a1c1,2024-02-20,feature_18,9,5067,1,0
U-ebb375,S-9e450b,2023-02-09,feature_28,6,2778,0,0
U-a7c89a,S-3673f2,2024-08-25,feature_36,9,2061,0,0
U-779058,S-afed2d,2023-11-03,feature_35,10,5200,0,1
U-f65bba,S-3dc46b,2024-07-14,feature_20,5,930,1,0
U-4de1d3,S-e2799b,2023-08-22,feature_25,8,2480,0,0
U-935818,S-9ce22d,2023-05-22,feature_35,17,901,0,0
U-0286e4,S-4dae4f,2023-12-09,feature_4,10,4610,0,0
U-99f042,S-5272ff,2023-10-11,feature_4,12,4884,2,0
U-a66f10,S-e3dff3,2024-04-04,feature_40,14,4872,0,0
U-805be4,S-c23126,2023-03-23,feature_24,5,2055,3,0
U-138675,S-813cdc,2023-07-30,feature_37,5,960,0,0
U-77404d,S-6c969d,2024-08-31,feature_3,9,5022,0,0
U-80c1c1,S-dacc80,2023-11-29,feature_7,9,432,0,0
U-25b56c,S-810c27,2024-10-06,feature_20,7,231,0,0
U-184e0c,S-fcb954,2023-04-15,feature_15,8,856,0,0
U-97d46f,S-d111f5,2023-04-13,feature_30,10,5240,0,0
U-782016,S-1b4693,2023-04-08,feature_39,8,192,1,0
U-d7cb11,S-7d9605,2023-12-03,feature_19,13,5980,0,0
U-0ae9d5,S-6ce794,2023-02-25,feature_12,8,1416,1,0
U-0aff2c,S-041624,2024-02-20,feature_40,9,3456,2,0
U-093baa,S-7dab19,2023-11-19,feature_18,6,540,2,0
U-7fbb0f,S-b3071c,2023-01-01,feature_6,11,1573,0,0
U-e5999c,S-de9b4b,2024-03-24,feature_21,9,5256,0,0
U-a5433e,S-f0081e,2023-03-02,feature_1,14,2324,1,0
U-54d795,S-0c47cb,2024-12-17,feature_4,14,1190,0,1
U-4ccaa4,S-5d5a8d,2023-04-24,feature_22,6,1344,0,0
U-492e99,S-567afa,2023-12-22,feature_38,9,2430,0,0
U-ed08bd,S-6c7bd8,2024-10-10,feature_40,7,2464,0,0
U-ba2bf3,S-8b52b5,2024-03-24,feature_19,9,441,0,0
U-4978ea,S-3947da,2023-04-13,feature_29,5,1000,1,1
U-7f9bc8,S-1ad713,2024-04-19,feature_39,14,7952,0,1
U-624d96,S-049328,2023-12-29,feature_38,7,2653,0,1
U-d652f1,S-64acb8,2023-08-25,feature_5,10,540,0,0
U-e860b8,S-6c969d,2024-02-07,feature_19,7,1582,0,1
U-804bf8,S-8c9649,2023-01-13,feature_14,5,2985,0,0
U-d2e9b7,S-c2168a,2023-01-04,feature_18,6,2166,1,0
U-9a5f52,S-0283b5,2023-02-02,feature_14,6,2658,0,0
U-a6a7c7,S-1bf267,2024-06-02,feature_40,9,2664,1,0
U-3e5e83,S-a37653,2023-03-15,feature_35,14,4368,0,0
U-708d27,S-ec690c,2023-08-15,feature_22,8,1464,2,1
U-0abd90,S-de7a48,2024-01-03,feature_23,7,1778,0,0
U-7d32fc,S-e7e4bd,2024-12-03,feature_37,8,2824,0,0
U-b095d6,S-31428b,2023-02-16,feature_24,6,2412,0,1
U-ba50ee,S-51924b,2023-02-04,feature_4,12,5064,0,0
U-aac036,S-10fc7d,2024-08-06,feature_37,12,216,0,0
U-9df047,S-eea643,2024-02-12,feature_37,12,5316,0,0
U-029a51,S-8c118d,2023-03-02,feature_5,6,3384,1,0
U-680b9d,S-e702a4,2024-03-25,feature_31,11,3014,0,0
U-1314b8,S-ef2a21,2024-12-13,feature_16,6,2970,3,0
U-46c99c,S-01bbff,2023-10-01,feature_9,14,3192,0,0
U-e580fe,S-3673f2,2024-08-06,feature_19,9,2871,0,0
U-50e5b9,S-c1f8e1,2024-12-16,feature_24,10,2350,1,0
U-83a6c5,S-431c03,2023-01-03,feature_26,13,6591,0,0
U-545d0c,S-58ab69,2024-01-22,feature_11,13,4511,0,0
U-275562,S-3bdedd,2023-01-09,feature_14,7,1183,0,0
U-b232f4,S-f3ff06,2023-01-12,feature_5,8,4080,0,0
U-892c50,S-53361d,2024-01-24,feature_21,8,2128,3,0
U-700b4b,S-44c5dd,2024-02-05,feature_12,6,1782,2,0
U-385a00,S-b147b9,2024-04-15,feature_35,13,3445,2,0
U-424739,S-8e5fd4,2024-08-19,feature_4,12,2352,3,0
U-9ee469,S-69fb37,2024-12-20,feature_10,6,1374,0,0
U-0b0bbc,S-d1b062,2023-11-12,feature_22,8,816,0,0
U-b07117,S-e7b281,2023-01-16,feature_3,19,11210,0,0
U-203929,S-463525,2024-10-20,feature_27,16,832,1,0
U-9c486f,S-94b283,2023-09-08,feature_1,16,8928,0,1
U-03f160,S-00bb84,2024-02-28,feature_33,9,2376,0,0
U-c08e68,S-0c63de,2023-01-15,feature_10,10,1240,0,0
U-a446ec,S-9dcef8,2024-01-29,feature_26,10,4590,0,1
U-a83ad0,S-606d6d,2023-05-20,feature_40,15,165,1,0
U-fd7a68,S-cd4d67,2024-11-25,feature_22,12,5664,0,1
U-477ca5,S-3ea3af,2024-07-30,feature_36,11,6171,0,0
U-88007d,S-7cf7c6,2023-11-28,feature_37,9,1755,0,0
U-d12cc7,S-3eb206,2023-06-25,feature_38,11,4818,0,0
U-d26026,S-a801d1,2023-06-21,feature_26,12,624,1,0
U-f82b52,S-70d15d,2023-09-04,feature_27,10,1880,0,0
U-e01529,S-2923fc,2024-12-11,feature_10,9,4257,0,0
U-4abe39,S-04fd47,2023-12-29,feature_34,9,1764,0,0
U-92a37d,S-f72b84,2023-09-19,feature_30,3,1437,0,1
U-e5b4b3,S-c2f293,2024-12-12,feature_39,10,1340,0,0
U-6043b0,S-24796e,2024-03-31,feature_8,12,1176,0,0
U-9e1762,S-e301c9,2023-06-15,feature_15,14,7952,0,0
U-14bb04,S-bf806d,2023-07-05,feature_13,8,3568,0,0
U-291919,S-f366b3,2023-04-12,feature_39,8,1440,0,0
U-f7842e,S-65071f,2023-12-28,feature_34,10,1320,2,0
U-c5d688,S-9eeb7e,2024-08-09,feature_32,9,81,0,0
U-7c5c2b,S-4e00a0,2024-08-02,feature_7,11,4939,0,0
U-c2633c,S-dbd6b9,2023-04-25,feature_33,10,4520,0,0
U-912828,S-4793bb,2024-07-02,feature_24,15,5175,0,0
U-031f15,S-008f3c,2024-07-17,feature_6,6,1950,0,1
U-1662fe,S-8b64df,2024-04-19,feature_31,12,2112,1,0
U-3ddaf4,S-195f9b,2024-01-26,feature_36,13,6942,2,0
U-ef63a1,S-0921a1,2024-12-26,feature_4,12,4224,0,0
U-bc70f2,S-34b845,2024-05-05,feature_35,10,2260,2,0
U-a92688,S-70af60,2024-07-14,feature_25,5,815,1,0
U-28d115,S-38c5fd,2024-08-18,feature_31,9,1629,0,0
U-9ec98a,S-8a6579,2023-10-10,feature_22,3,969,0,0
U-e377bf,S-6587d8,2024-11-04,feature_7,8,4248,0,0
U-b39242,S-969f4c,2023-06-22,feature_31,5,855,0,0
U-f67d78,S-d0c344,2023-02-25,feature_12,9,5121,0,0
U-6b41f7,S-e36ccb,2024-09-21,feature_19,8,4432,0,1
U-5c5044,S-425607,2024-10-02,feature_15,13,1859,0,0
U-62568a,S-22014f,2023-03-02,feature_17,15,1425,1,0
U-d352f7,S-bc7cab,2023-10-13,feature_32,10,2900,0,0
U-7eebdf,S-023f5f,2023-05-15,feature_34,11,1287,0,1
U-b22092,S-d449e1,2024-03-07,feature_24,10,5960,0,0
U-93c6a4,S-66bae1,2024-12-28,feature_13,13,195,2,0
U-0947d6,S-bcbe03,2024-10-04,feature_1,7,945,0,0
U-43761f,S-ff78bf,2024-10-11,feature_14,8,448,1,1
U-b01e54,S-455183,2024-12-13,feature_10,9,2061,0,0
U-3e8544,S-7d2c1b,2023-05-14,feature_29,11,5654,0,0
U-6b0253,S-e78c09,2023-05-11,feature_7,12,3048,2,0
U-b4d3c5,S-5d5699,2023-07-18,feature_3,7,966,0,0
U-17b2c9,S-2881e0,2023-04-06,feature_27,11,3828,0,1
U-691b21,S-0de78a,2024-02-21,feature_17,3,1230,0,1
U-e8629b,S-1d63bf,2023-01-03,feature_4,11,3927,0,0
U-d815de,S-6b1de8,2023-08-25,feature_29,15,7080,0,0
U-167026,S-af5ec3,2023-12-31,feature_26,8,824,0,0
U-65e223,S-6d4050,2023-08-18,feature_9,9,693,2,0
U-ded235,S-faa8ec,2024-10-29,feature_11,5,480,0,0
U-780828,S-8fbabd,2024-11-30,feature_5,4,1940,0,0
U-fffbc1,S-51dd23,2024-01-23,feature_39,5,230,0,1
U-37266b,S-b57a5e,2024-08-19,feature_34,19,4332,1,0
U-e65d2a,S-bfc0f8,2023-01-30,feature_17,13,3354,1,0
U-f633de,S-7d4d45,2023-10-10,feature_5,9,3609,4,0
U-709d9a,S-e2f1fd,2023-06-16,feature_10,11,6446,0,0
U-25ef2e,S-7b9b62,2023-07-27,feature_8,17,7378,1,0
U-98cfbf,S-10fc7d,2023-01-15,feature_33,13,806,0,0
U-8e343f,S-4d8633,2024-02-20,feature_36,5,1910,0,0
U-55f576,S-0c47cb,2024-02-07,feature_30,10,460,3,0
U-123e83,S-a5d1e3,2023-08-28,feature_26,11,1771,0,0
U-1c4a11,S-7d0dea,2024-08-07,feature_33,9,3672,0,0
U-f9497e,S-b91501,2024-01-06,feature_4,9,2835,0,0
U-eb4a83,S-02d6c8,2023-10-21,feature_17,11,3432,0,0
U-44acf2,S-695c1e,2024-03-27,feature_28,13,5265,1,0
U-006569,S-b1d153,2024-12-02,feature_20,9,1782,0,0
U-d91111,S-3ad221,2024-08-04,feature_27,15,5355,1,0
U-15bbd9,S-2923fc,2023-11-06,feature_39,10,3900,0,0
U-5a9e42,S-c77f0c,2024-04-09,feature_13,5,685,1,1
U-0f19cd,S-b1c57d,2024-01-30,feature_9,7,3143,1,0
U-c28b7f,S-2ba4ee,2023-04-01,feature_19,10,1550,0,0
U-faa910,S-b01b1c,2023-08-10,feature_27,9,1305,1,1
U-260255,S-f28cde,2024-11-01,feature_36,7,2331,0,0
U-bb48d0,S-16b6dc,2024-11-20,feature_10,12,1296,0,0
U-8c1553,S-a916c8,2024-06-09,feature_3,6,3306,0,0
U-384ace,S-a4139f,2024-08-31,feature_40,8,840,1,0
U-9e4889,S-12f05a,2023-06-01,feature_16,11,3553,0,0
U-b24f60,S-7b29d1,2024-11-04,feature_39,11,6479,0,0
U-dac1be,S-87ebe6,2023-09-27,feature_15,5,1050,0,0
U-a204d5,S-debbee,2023-12-13,feature_16,11,1562,0,0
U-183ef7,S-d6cffe,2024-04-16,feature_12,11,4169,1,0
U-ac8aef,S-8a9db8,2024-01-09,feature_35,9,2214,4,0
U-0178e0,S-e4ce2c,2023-09-09,feature_17,17,3604,0,0
U-29fb62,S-6b7aa4,2024-12-07,feature_16,10,840,0,0
U-9656e3,S-871e83,2024-12-24,feature_24,7,3822,0,0
U-259e01,S-11d922,2024-02-20,feature_2,7,2709,4,1
U-3ab851,S-aad754,2024-01-14,feature_30,15,6060,1,0
U-04745a,S-f1778c,2024-11-22,feature_18,12,6192,3,0
U-b3b4a4,S-4dae4f,2024-04-09,feature_26,6,1674,0,0
U-78de54,S-8b345c,2023-07-24,feature_24,8,2000,0,0
U-dfc2a7,S-90432a,2024-01-15,feature_37,9,4392,0,0
U-83e410,S-704cf3,2024-02-07,feature_25,14,7266,0,0
U-bc9c63,S-46526e,2023-03-07,feature_28,10,2180,0,0
U-f48199,S-9e7060,2023-05-10,feature_6,8,1488,0,0
U-b426f0,S-0144ac,2023-10-20,feature_24,5,135,0,0
U-b484bd,S-6c4770,2024-12-15,feature_1,6,3546,2,0
U-b4d7bc,S-802cc6,2024-09-25,feature_20,12,6300,1,0
U-4a08b4,S-8ae507,2023-12-16,feature_12,9,3717,0,0
U-62e148,S-5450af,2023-05-27,feature_21,7,2695,5,0
U-a77713,S-97bc99,2024-01-26,feature_26,8,2512,0,0
U-42ef12,S-97a57b,2023-07-06,feature_8,10,2500,0,0
U-c67e37,S-2372d2,2024-04-09,feature_18,9,1296,3,0
U-2e3df6,S-0638dc,2024-01-12,feature_38,13,1638,0,1
U-48baed,S-0a8acf,2023-07-05,feature_25,7,910,1,0
U-62c766,S-a5d949,2023-02-23,feature_17,7,3934,3,0
U-f1b167,S-d71fe9,2023-07-20,feature_16,10,1660,1,0
U-42a464,S-628842,2023-04-30,feature_20,19,6251,2,0
U-a12b4a,S-84e146,2023-08-07,feature_4,9,4212,0,0
U-4cf4cb,S-bbc0f7,2024-02-27,feature_15,13,6149,0,0
U-616f37,S-8f181e,2023-04-17,feature_2,11,385,1,0
U-99b91c,S-a2cd6a,2024-10-23,feature_8,8,4096,0,0
U-c0295f,S-59778a,2023-12-31,feature_11,7,1050,0,1
U-e19b2e,S-be601b,2023-03-23,feature_24,9,5103,0,0
U-48f986,S-62fa42,2023-04-05,feature_36,7,2044,0,0
U-690821,S-5ddf8d,2023-06-10,feature_14,11,4136,0,0
U-6f9192,S-16a545,2023-06-30,feature_28,3,1566,1,0
U-d2b4ef,S-9b8167,2023-09-23,feature_18,10,5150,0,0
U-8d5b32,S-61a87e,2023-04-26,feature_32,8,1624,0,0
U-068eef,S-834097,2024-10-25,feature_2,12,6552,0,0
U-897937,S-7ba2ad,2023-12-16,feature_10,9,2088,2,0
U-66ad5c,S-e9257d,2024-04-18,feature_29,10,1400,0,0
U-faa335,S-2ebd06,2024-03-16,feature_26,8,2688,0,0
U-931029,S-1bbf0a,2023-07-12,feature_13,8,3872,0,1
U-2722af,S-b3bd43,2023-04-25,feature_18,8,544,4,0
U-342dd1,S-fc1114,2024-10-06,feature_23,10,1610,0,0
U-b7c6c8,S-ee30bb,2024-07-03,feature_5,9,270,0,0
U-049032,S-c26c22,2023-11-30,feature_34,11,561,0,0
U-5686b9,S-f97609,2023-01-26,feature_10,13,6500,3,0
U-add9aa,S-f2d47e,2023-05-12,feature_5,11,3531,0,0
U-36c7a4,S-c6d8ce,2023-11-24,feature_30,5,1020,0,0
U-ed15a8,S-9a8d01,2024-03-11,feature_2,12,3756,0,0
U-88b809,S-d07886,2024-08-10,feature_8,5,1135,0,0
U-0490cc,S-39b5ce,2024-06-25,feature_6,10,5110,0,1
U-6267bd,S-10702d,2023-02-05,feature_13,12,1548,3,0
U-7bffd5,S-cd8a6a,2024-01-23,feature_40,9,3231,0,1
U-4445f3,S-aa7247,2024-12-27,feature_10,12,6420,3,0
U-6de5a2,S-de6767,2023-06-30,feature_2,19,3705,0,1
U-0a141e,S-bd2ab2,2024-10-08,feature_32,20,5140,0,0
U-87ca79,S-b8fcc5,2023-05-11,feature_24,13,4745,0,0
U-72b902,S-022a1e,2023-08-29,feature_10,11,1958,0,0
U-52da99,S-9be237,2024-10-17,feature_29,8,1896,0,0
U-36a7e4,S-503afa,2024-06-18,feature_39,7,1281,0,0
U-a76823,S-79a9e1,2023-10-22,feature_24,6,2940,0,0
U-1e39f8,S-a9fb74,2023-12-29,feature_15,10,1370,2,0
U-ab4efe,S-fb95f2,2024-03-09,feature_28,8,752,1,0
U-e3feff,S-510999,2023-12-25,feature_3,6,2910,0,0
U-83174b,S-ed2bb5,2023-04-04,feature_4,8,4552,0,0
U-b7dda3,S-3aa11b,2023-02-16,feature_33,6,1176,0,0
U-71aedb,S-6ce794,2024-09-13,feature_32,11,1408,0,1
U-10b0be,S-02984e,2023-06-12,feature_13,11,4345,0,0
U-4bdf83,S-2dad6b,2023-04-12,feature_1,10,5080,2,0
U-84496f,S-ca136e,2023-06-09,feature_26,12,1284,2,0
U-2b76fa,S-08a5fd,2024-10-22,feature_36,12,2784,0,0
U-8f850b,S-6f43f7,2024-11-25,feature_36,11,2112,0,0
U-5d4e12,S-36ad61,2024-05-19,feature_28,12,3276,0,0
U-dbe096,S-a2cd6a,2023-09-22,feature_26,9,4446,2,0
U-75e7bd,S-4d2011,2023-11-29,feature_29,11,3003,1,0
U-f2eb07,S-2d62ad,2023-05-29,feature_14,10,2260,0,0
U-ed3e27,S-69cc68,2023-05-26,feature_11,9,4725,0,0
U-755e42,S-c7f564,2024-10-11,feature_7,10,3040,0,0
U-1533e3,S-cc4bf0,2023-06-07,feature_23,7,4046,1,1
U-a0c7fb,S-004eb4,2023-06-07,feature_12,8,1496,1,0
U-c1baa6,S-9c06f8,2024-02-19,feature_4,9,3519,0,1
U-9f3718,S-567afa,2024-09-24,feature_22,11,2431,3,0
U-b10afb,S-a2ee32,2024-11-02,feature_4,12,4836,0,0
U-a1cddd,S-7e2e5c,2024-10-12,feature_31,13,3315,2,0
U-9f3c2a,S-39e88c,2024-10-25,feature_8,16,8784,0,0
U-35c6b9,S-3e54f5,2023-10-06,feature_26,9,4572,0,0
U-7db4a5,S-ee4c5c,2023-04-18,feature_16,5,55,0,1
U-5d6a94,S-86e45a,2024-11-16,feature_21,11,2629,5,0
U-84c980,S-14a685,2023-11-09,feature_8,11,6380,1,0
U-ff8c99,S-164594,2023-06-02,feature_1,14,1092,0,0
U-62df4c,S-0e057d,2024-01-30,feature_12,14,5810,0,0
U-d00bfb,S-863c87,2024-06-04,feature_19,9,3717,0,0
U-fb4e9a,S-3cae3d,2024-08-07,feature_31,9,3411,2,0
U-8986cb,S-4c9107,2023-03-06,feature_21,12,3456,0,0
U-6d805b,S-51cb35,2023-02-16,feature_24,5,1655,0,0
U-79899d,S-afed2d,2024-08-05,feature_5,11,2013,0,0
U-a2b48e,S-175429,2024-01-13,feature_6,14,6202,0,0
U-c3fd6c,S-79123c,2023-03-15,feature_5,19,11096,1,0
U-0ecee2,S-106283,2023-12-04,feature_28,9,2547,1,0
U-90ec66,S-c7f564,2024-08-06,feature_6,8,4760,2,0
U-14fdac,S-c22c29,2024-08-29,feature_14,6,1998,0,0
U-163a57,S-2ded06,2024-07-14,feature_32,10,3710,0,0
U-83c8dd,S-404ecd,2023-03-03,feature_31,9,45,0,1
U-c09fa9,S-8fcce1,2023-01-19,feature_17,7,1239,0,0
U-f870f2,S-497428,2023-06-12,feature_1,7,539,0,0
U-9959d2,S-c7e38a,2023-04-09,feature_9,8,768,0,0
U-7cccec,S-21f8b3,2023-11-11,feature_5,2,422,0,0
U-e7e6cf,S-b3f236,2023-09-07,feature_28,11,4598,0,0
U-2782df,S-a87ff6,2024-06-28,feature_37,7,3283,0,0
U-0be9f7,S-9ce22d,2023-02-07,feature_37,14,7560,2,0
U-0b97fe,S-a2fb62,2023-08-09,feature_5,8,1384,1,0
U-abbb90,S-01fa46,2024-05-17,feature_31,10,2410,2,0
U-daefd3,S-39bb68,2024-09-08,feature_12,8,1120,0,0
U-eebe0e,S-0c9fdd,2024-10-29,feature_25,16,528,0,0
U-658266,S-5281ee,2023-12-14,feature_37,7,3836,0,0
U-ec16ce,S-f76252,2024-09-28,feature_31,6,3372,2,0
U-716ed9,S-6bd42d,2023-12-27,feature_16,10,2170,1,0
U-7d5257,S-929a7c,2024-12-16,feature_20,6,1272,0,0
U-aa639b,S-ca0eb1,2024-09-09,feature_6,6,2376,0,0
U-669106,S-7b2efe,2023-11-13,feature_13,14,504,1,0
U-6a440d,S-a408fe,2024-11-19,feature_38,11,3817,0,0
U-73f882,S-85022b,2023-08-27,feature_8,12,1836,0,0
U-de0e81,S-2d4edf,2023-06-12,feature_8,8,600,0,0
U-139a49,S-9bf1a0,2023-01-25,feature_23,8,4016,0,0
U-5b948f,S-4695b8,2023-10-06,feature_19,12,6972,3,0
U-721e8c,S-f409d8,2023-10-18,feature_31,5,60,0,0
U-d5d63e,S-2ccc04,2023-01-02,feature_9,9,3915,1,0
U-ac9343,S-d8165b,2024-04-20,feature_26,7,2226,1,0
U-bae3d5,S-a18bb2,2024-07-11,feature_28,14,7182,1,0
U-1d5daf,S-5901a1,2023-11-01,feature_37,9,4167,0,0
U-21c6ad,S-9d727d,2024-04-05,feature_20,10,960,0,0
U-8a9ccc,S-92afb8,2023-07-26,feature_25,11,3960,1,0
U-a0254f,S-a50803,2024-12-08,feature_3,12,3216,2,0
U-a533f2,S-e90e70,2023-02-03,feature_2,7,2947,0,0
U-7f928f,S-151fce,2023-12-28,feature_21,13,2990,1,0
U-dd1ee2,S-cfedb3,2023-07-23,feature_3,13,5200,1,0
U-8b15aa,S-02a3aa,2024-08-01,feature_28,11,2145,0,0
U-13530c,S-d638c7,2024-03-27,feature_6,11,1287,0,0
U-d4d5be,S-32e8fa,2024-10-27,feature_23,10,1450,0,0
U-dfb84b,S-c41b43,2024-12-13,feature_25,8,1864,0,0
U-15e557,S-c696fa,2023-07-30,feature_4,11,4224,0,0
U-85c1ce,S-35752e,2024-04-22,feature_1,13,2444,0,0
U-3fb874,S-511e50,2023-12-25,feature_8,5,850,0,0
U-2c0517,S-0802a4,2023-06-14,feature_30,7,2996,0,0
U-c6137a,S-d85c2f,2024-03-12,feature_20,16,3920,1,0
U-8a0d40,S-33eb1d,2023-11-18,feature_40,11,3311,0,0
U-8ab7ab,S-31d8aa,2024-09-27,feature_36,9,5292,0,0
U-9e957e,S-858aa0,2024-09-18,feature_26,7,2534,3,0
U-2091c5,S-d6cffe,2024-02-28,feature_28,14,3612,0,0
U-b081e3,S-51dd23,2023-12-05,feature_17,11,3344,1,0
U-a16319,S-d1b062,2023-11-11,feature_17,6,474,2,0
U-746dd6,S-adf00a,2024-09-18,feature_8,12,4920,2,0
U-f00feb,S-a3455c,2024-09-09,feature_38,9,2295,2,0
U-dba328,S-f783b6,2023-09-06,feature_17,10,2870,1,0
U-c72a1a,S-66a834,2024-04-06,feature_19,12,2832,0,0
U-893332,S-fb0905,2023-10-04,feature_27,12,3300,0,0
U-ed1d69,S-9b2c95,2024-06-22,feature_36,8,1440,0,0
U-f788e6,S-92e8cb,2023-08-18,feature_4,7,2387,2,0
U-735684,S-0896f4,2024-03-06,feature_9,8,3944,0,0
U-39d415,S-9dbe8c,2024-08-12,feature_35,9,4851,0,0
U-bf0205,S-b45a10,2023-10-04,feature_7,9,2340,0,0
U-ed175a,S-aa5f00,2023-04-17,feature_1,16,9424,0,0
U-c6d2b4,S-3c9a70,2023-05-13,feature_4,11,2002,1,0
U-baf889,S-f1aa04,2024-05-05,feature_3,6,2970,2,0
U-2d3590,S-25ec8c,2023-11-05,feature_34,8,2888,0,0
U-67cb5b,S-08f8d3,2023-10-21,feature_27,8,3072,0,0
U-f082ec,S-37b367,2024-04-28,feature_38,10,1400,0,0
U-be625d,S-da8d5f,2023-02-08,feature_16,8,120,0,0
U-53acc0,S-07abdd,2023-11-06,feature_18,5,2925,0,1
U-da91cc,S-1f4c01,2023-11-08,feature_25,11,770,0,0
U-f86b7c,S-e002a1,2024-09-17,feature_15,8,4680,3,0
U-13c9a6,S-4d9635,2023-01-29,feature_10,8,2952,0,0
U-92dfae,S-82eb3e,2023-05-20,feature_8,11,2343,0,0
U-eee6be,S-620b62,2023-12-08,feature_26,9,3321,0,0
U-81dc8e,S-4c8e19,2024-12-24,feature_39,7,2842,0,0
U-648980,S-de473d,2023-12-05,feature_38,11,3850,1,0
U-6f9fc9,S-ea9f08,2023-01-03,feature_36,9,4005,2,0
U-71c2d1,S-9714fa,2024-08-10,feature_40,7,1596,0,0
U-7f8280,S-f74ac6,2023-09-25,feature_24,13,7410,0,0
U-36c307,S-89e98a,2023-07-13,feature_17,7,2380,2,1
U-94bb68,S-a09e70,2024-02-02,feature_15,13,1183,0,0
U-a1fb43,S-1a9fb7,2023-08-17,feature_35,10,5680,0,0
U-462fde,S-e98121,2023-02-19,feature_14,11,3388,0,0
U-69fedc,S-627697,2023-07-15,feature_27,13,2158,0,0
U-71cb0c,S-4a8fda,2023-02-04,feature_16,6,1224,1,0
U-22edbf,S-875645,2024-04-13,feature_19,5,960,0,0
U-c89f69,S-f93185,2024-02-21,feature_14,5,575,2,0
U-0d1327,S-9c4bcd,2023-11-05,feature_15,15,6990,2,1
U-e3bccf,S-1c06f3,2024-03-01,feature_33,9,3690,1,0
U-874edd,S-27e9ad,2023-01-29,feature_3,12,6840,0,0
U-b73d27,S-19edee,2024-12-28,feature_10,9,5283,0,0
U-f50dcc,S-27ab7f,2024-01-26,feature_38,15,840,0,0
U-cd7803,S-573f93,2024-10-31,feature_6,8,4024,3,0
U-4784a2,S-3909f9,2023-10-20,feature_5,7,3367,3,1
U-226ffe,S-eccbe0,2023-07-12,feature_3,8,2512,0,0
U-3d35fa,S-01daf5,2023-11-23,feature_4,8,1304,0,0
U-69e435,S-d232ad,2024-07-03,feature_24,7,371,1,0
U-432eac,S-9dda85,2023-06-15,feature_36,8,2336,0,0
U-64db53,S-1eba7d,2024-02-05,feature_22,7,1330,0,0
U-6a7350,S-8d4b81,2023-12-11,feature_11,14,2912,0,1
U-cb6db1,S-9af385,2023-05-17,feature_34,9,1449,2,0
U-5ee499,S-7dab19,2023-01-10,feature_9,7,147,1,0
U-f4e558,S-cdc347,2023-12-05,feature_26,12,7104,0,0
U-146e07,S-15a058,2023-08-09,feature_14,10,150,1,0
U-1c6d46,S-cd4dcd,2023-01-23,feature_15,6,1242,1,0
U-4ee49e,S-1bbdb1,2024-02-23,feature_30,10,4560,0,0
U-e008f9,S-ab63e3,2024-12-09,feature_8,21,9303,1,0
U-6c7c27,S-374511,2024-01-09,feature_1,9,4077,2,1
U-fb2e12,S-1f93cd,2023-05-26,feature_31,11,3960,0,0
U-7b5b31,S-0b2faf,2023-09-13,feature_4,8,1456,0,0
U-1de9bd,S-89e27e,2024-10-19,feature_24,12,2640,1,0
U-ecec8d,S-52385a,2023-03-22,feature_12,4,964,0,0
U-dac981,S-b7ef4c,2024-07-23,feature_17,5,2520,2,0
U-e69aab,S-084f4a,2023-08-29,feature_2,12,2712,0,0
U-58fa3f,S-704cf3,2023-05-15,feature_3,7,945,0,0
U-ffa2b1,S-27e9ad,2023-10-31,feature_30,14,1036,0,0
U-b1ebc3,S-5d8b88,2023-01-17,feature_6,11,5170,0,0
U-70bd43,S-9a44ec,2023-06-17,feature_9,16,4864,0,1
U-02fe1f,S-1351ac,2024-01-18,feature_4,10,4540,2,0
U-fe58eb,S-0eff34,2023-09-23,feature_35,7,3346,0,0
U-a60664,S-cac22d,2024-05-02,feature_32,15,4995,0,0
U-fb470f,S-b7f657,2024-02-28,feature_7,7,1344,0,0
U-4be20c,S-e83351,2023-02-21,feature_25,11,4103,0,0
U-1882b5,S-f5df4a,2023-08-21,feature_35,11,5016,0,0
U-6a11b1,S-fa05d7,2024-11-24,feature_31,12,1872,1,0
U-e65720,S-16be20,2024-06-01,feature_5,8,1512,0,0
U-7e829d,S-1acdd2,2023-11-21,feature_39,9,414,0,0
U-4ed6cf,S-4b005c,2024-12-05,feature_22,11,4389,0,0
U-b10aad,S-526874,2024-06-30,feature_19,14,3710,0,0
U-e1811f,S-6696a0,2023-05-31,feature_16,10,5020,0,0
U-4b27e6,S-9f123c,2024-10-04,feature_13,16,7472,0,0
U-e971cc,S-cfbb85,2023-03-20,feature_12,10,1070,0,0
U-f1a04a,S-e1ee60,2023-03-28,feature_6,18,954,1,0
U-6dc7b1,S-c192eb,2024-06-27,feature_30,9,4770,0,0
U-7459a1,S-3503cb,2023-08-30,feature_23,11,6281,0,0
U-6302f1,S-e4cb85,2024-09-20,feature_4,14,1120,0,0
U-1636df,S-cfb246,2023-02-20,feature_32,6,1818,0,0
U-a3252f,S-ff78bf,2024-10-06,feature_15,9,1431,0,0
U-831361,S-c23126,2023-04-17,feature_38,8,2096,3,0
U-ed2d17,S-fe25ff,2023-07-02,feature_39,6,1980,0,0
U-04de68,S-7730b1,2024-05-20,feature_7,7,1267,1,0
U-a29711,S-f86bcf,2023-05-26,feature_32,2,804,0,0
U-42a17f,S-cd13b5,2023-09-13,feature_15,8,4600,0,0
U-e0f2a6,S-cfb246,2023-07-06,feature_11,8,208,1,0
U-e30229,S-ce887e,2023-10-24,feature_10,6,912,0,0
U-d2d27e,S-98845b,2024-01-20,feature_12,5,1950,0,1
U-6fb7d2,S-a3300f,2024-12-02,feature_17,13,5148,0,0
U-35a3bd,S-5de79e,2023-07-19,feature_1,9,5013,3,0
U-7e1630,S-c5a75d,2023-07-27,feature_19,10,3060,0,0
U-0c9657,S-798707,2024-03-29,feature_2,11,3487,0,0
U-2d6696,S-bbff6f,2024-06-15,feature_32,15,7875,0,0
U-ad4e3c,S-306a99,2024-08-17,feature_22,5,85,0,0
U-ac8968,S-d31de5,2024-04-20,feature_2,11,1925,2,0
U-21d564,S-a1d6ad,2024-01-19,feature_40,9,3519,0,0
U-5a7745,S-fd8bb6,2024-12-01,feature_23,10,780,0,1
U-355141,S-bc66af,2023-07-14,feature_29,9,4617,0,0
U-9129a3,S-3c853b,2024-09-30,feature_12,11,4521,1,1
U-d9f014,S-041553,2024-10-11,feature_14,7,1176,0,0
U-e7149a,S-f8d74d,2023-11-21,feature_27,10,2430,0,0
U-f87f2e,S-b2f038,2023-07-09,feature_29,9,4626,0,0
U-992a65,S-0fcf7d,2023-11-23,feature_11,11,1848,0,0
U-455afa,S-06770c,2024-08-03,feature_10,6,132,5,0
U-900110,S-e9a159,2023-03-24,feature_26,12,4344,0,0
U-6001b1,S-dec1fb,2023-03-27,feature_10,11,1562,0,1
U-79fd15,S-2573e4,2024-10-31,feature_24,10,5910,0,0
U-8d27c2,S-aa5f00,2023-06-04,feature_38,7,2079,0,0
U-856474,S-f6b264,2023-03-15,feature_21,9,3825,0,0
U-967d0f,S-f4d491,2023-02-13,feature_10,6,1980,0,0
U-4375c4,S-869bba,2024-11-11,feature_38,13,5408,0,0
U-e7fee3,S-be53ea,2024-03-22,feature_16,14,6706,0,0
U-d169af,S-fa05d7,2024-10-23,feature_27,11,1991,0,0
U-43c5b0,S-f4335b,2024-11-11,feature_12,10,480,0,0
U-da7d36,S-fe0bc0,2024-01-22,feature_5,10,3480,0,1
U-18477b,S-39539d,2024-09-30,feature_33,11,352,0,0
U-96bb4d,S-3e0c24,2023-12-14,feature_7,2,408,0,0
U-361bb4,S-f5bef8,2023-04-20,feature_15,12,6672,1,0
U-b1cfee,S-321498,2023-02-14,feature_18,6,3552,1,0
U-8520e8,S-15a897,2023-08-18,feature_11,10,700,0,0
U-ae779f,S-4e3e04,2023-07-01,feature_10,13,1313,0,0
U-66e498,S-5521a1,2023-03-20,feature_24,12,3696,0,0
U-271850,S-9fae95,2024-11-09,feature_8,8,3088,1,0
U-b1c64c,S-4f8c90,2023-06-07,feature_28,11,6171,0,0
U-2d674c,S-d74733,2024-07-02,feature_32,9,3744,0,0
U-2e9c41,S-50334b,2023-01-09,feature_7,16,1872,0,0
U-391d94,S-59778a,2023-12-01,feature_17,15,8610,2,0
U-a04fab,S-6d4050,2023-03-01,feature_25,10,3210,0,0
U-e1ba3b,S-21b68e,2023-05-17,feature_1,11,528,0,0
U-859a25,S-e874c1,2023-07-01,feature_37,14,7266,0,0
U-a4f462,S-a01d87,2024-03-28,feature_34,14,6944,1,0
U-3700f4,S-1dfa14,2023-11-18,feature_34,8,2720,0,1
U-89263b,S-7fa78f,2024-10-15,feature_26,13,3809,2,1
U-42e85d,S-ac3a32,2023-11-15,feature_8,10,4500,0,0
U-4105c8,S-31ac79,2023-08-11,feature_19,14,2646,0,0
U-c6c5b4,S-25b756,2024-09-17,feature_10,11,4961,0,0
U-523ad7,S-556071,2023-07-03,feature_5,6,1212,0,0
U-bf1b83,S-567afa,2023-01-18,feature_20,12,840,0,0
U-ff7801,S-6d12c1,2023-10-19,feature_11,12,3168,1,0
U-92883b,S-398291,2023-08-11,feature_8,11,3223,0,1
U-0351b2,S-dcae52,2024-06-07,feature_37,6,714,0,0
U-cd1e52,S-418b7c,2024-04-27,feature_40,8,3696,0,0
U-1edd34,S-5bc277,2024-02-21,feature_38,13,3757,0,0
U-4d6d7e,S-16f4a2,2024-12-08,feature_34,9,927,0,0
U-32a3b2,S-0b7de7,2024-06-10,feature_13,8,944,3,1
U-9fef3d,S-f94b9b,2023-01-21,feature_4,9,2061,0,0
U-ae5eda,S-c0d979,2024-03-08,feature_27,11,286,0,0
U-e5c767,S-f9df40,2024-12-24,feature_1,8,544,4,1
U-2dc5ec,S-99fbf7,2023-12-23,feature_13,11,1870,0,0
U-f30c30,S-648618,2023-12-11,feature_13,4,2248,0,0
U-33ebe1,S-c18476,2023-07-13,feature_7,22,176,0,0
U-aaa922,S-0586ad,2024-10-08,feature_3,10,3390,2,0
U-70e4b6,S-8c41e8,2023-10-04,feature_16,10,5470,0,0
U-df3e80,S-47cfb3,2024-07-17,feature_1,12,4416,0,0
U-0a7851,S-00fb6e,2024-12-06,feature_11,8,3456,0,0
U-8d8149,S-5aff5f,2024-11-06,feature_37,9,612,2,0
U-4e1e0b,S-2c4909,2024-04-06,feature_26,10,5510,0,1
U-f572be,S-05aaef,2023-06-17,feature_30,11,4961,2,0
U-2d992a,S-89c6dc,2023-08-21,feature_12,11,6314,2,0
U-8bf3e9,S-905752,2024-05-28,feature_40,7,2793,2,0
U-1bc148,S-1a5fa7,2023-08-08,feature_31,13,5486,0,0
U-39b9a6,S-d111f5,2024-06-01,feature_22,8,968,0,1
U-859c70,S-b48787,2024-02-17,feature_12,2,824,2,0
U-dad005,S-d64e41,2023-04-18,feature_16,14,6286,0,0
U-144775,S-d56a2c,2023-11-09,feature_7,6,30,0,0
U-c5f767,S-96383d,2023-07-14,feature_10,15,7830,0,0
U-70721e,S-972512,2023-07-25,feature_15,12,1932,2,0
U-23d898,S-78ba09,2024-11-20,feature_35,11,5775,0,0
U-8576ff,S-d4a76b,2023-12-24,feature_12,8,3816,0,0
U-83493d,S-fcb954,2023-03-06,feature_34,8,3944,0,0
U-886ee6,S-ce9977,2024-12-26,feature_2,8,3360,3,0
U-41b7cb,S-f4a3ac,2024-05-19,feature_25,4,408,0,0
U-c0693e,S-c64e87,2024-03-08,feature_24,6,3600,2,0
U-6a91d3,S-6d96c9,2023-01-07,feature_35,10,5400,0,0
U-c65bb0,S-a0ba0c,2024-10-31,feature_18,12,3096,1,0
U-a532b8,S-e4ba87,2024-09-28,feature_9,4,1932,1,0
U-c9cf15,S-155934,2024-03-31,feature_27,14,1736,2,0
U-ae1eca,S-9b8167,2024-05-30,feature_8,9,3285,0,0
U-99b30e,S-4eabfc,2024-03-05,feature_38,6,3306,0,0
U-bdd096,S-991f61,2024-07-08,feature_20,8,2904,1,1
U-810bb3,S-6fde5e,2023-07-02,feature_2,11,1749,3,0
U-08dae2,S-de6767,2024-01-21,feature_24,9,3717,0,0
U-6f2066,S-b33593,2024-01-29,feature_11,9,3303,1,0
U-51a8ed,S-f553b5,2023-04-07,feature_9,15,5040,0,0
U-3a0ef7,S-ea8479,2023-07-29,feature_20,10,5240,0,0
U-a2d24a,S-78cb5f,2024-08-02,feature_11,8,2848,0,0
U-e4ee36,S-2ecaea,2023-08-17,feature_39,11,3124,0,0
U-c763d0,S-056775,2024-10-05,feature_1,9,4140,0,0
U-ff221f,S-50334b,2023-05-20,feature_38,7,196,0,0
U-2c1c78,S-fbc35d,2023-10-02,feature_31,15,2265,2,1
U-6798b6,S-f1cc81,2024-03-09,feature_38,9,2844,0,0
U-df3b98,S-a7d379,2024-03-24,feature_37,17,6970,0,0
U-2cca50,S-2a73e2,2023-01-23,feature_36,18,144,0,0
U-236afd,S-26bc22,2024-09-01,feature_30,12,3828,0,0
U-f8c623,S-9ac7cb,2023-09-19,feature_36,8,2920,0,0
U-227149,S-bb84b1,2023-10-19,feature_26,8,2296,0,0
U-8050a9,S-631547,2024-06-05,feature_13,10,5210,1,0
U-2f0db0,S-d9f518,2023-04-26,feature_27,7,3346,1,0
U-1f7fbb,S-b152d6,2023-10-23,feature_30,5,2680,0,0
U-fab583,S-8a50a0,2023-07-31,feature_26,6,3600,2,0
U-ff9829,S-82348a,2024-06-30,feature_7,12,4728,0,0
U-0e3483,S-0c91c4,2024-08-21,feature_35,14,462,0,0
U-662254,S-3c072b,2023-10-24,feature_21,8,120,0,1
U-02fc87,S-c7b793,2023-06-20,feature_33,11,4488,0,1
U-7fafb6,S-82db05,2023-12-01,feature_11,12,1512,0,0
U-de8c45,S-4c5456,2023-06-17,feature_26,15,2205,2,0
U-396970,S-ff4611,2023-02-10,feature_26,8,3312,1,0
U-3e9dd8,S-1d661c,2024-07-20,feature_39,13,871,1,0
U-ed5130,S-fc9cc3,2024-07-11,feature_12,10,2820,0,0
U-465ff9,S-9ee11d,2023-09-16,feature_23,6,3222,1,0
U-d2f554,S-fd04d6,2023-08-15,feature_1,10,5740,0,0
U-3e680e,S-1f9da0,2024-08-09,feature_36,14,2786,1,0
U-36e6ae,S-47a04b,2023-12-04,feature_31,13,4121,0,0
U-4024fd,S-3df6ee,2024-07-18,feature_16,10,4900,0,0
U-718a71,S-05ad41,2023-04-19,feature_36,16,5760,0,0
U-791581,S-e4cb85,2023-08-31,feature_1,11,1727,2,0
U-52805a,S-f9f7af,2024-01-15,feature_1,16,848,0,0
U-3d18f4,S-4b9b13,2023-08-06,feature_3,5,1790,0,0
U-efe0d4,S-cd6bb6,2024-11-26,feature_26,17,1853,0,0
U-056e95,S-770f21,2024-09-02,feature_23,12,2556,0,0
U-29fd78,S-cf6ec1,2024-01-02,feature_25,11,3344,0,0
U-57f749,S-4bfa1d,2024-07-25,feature_17,9,5247,0,0
U-5d959c,S-921f19,2024-03-24,feature_35,9,2754,0,0
U-9464eb,S-c0d979,2024-04-04,feature_37,6,348,0,0
U-528931,S-67595c,2024-05-06,feature_2,9,1134,0,0
U-9563e0,S-59778a,2024-04-28,feature_11,6,2574,0,0
U-e8080c,S-763384,2023-02-01,feature_8,11,2343,0,0
U-817115,S-23ba41,2024-01-17,feature_8,14,742,0,0
U-027738,S-70d15d,2023-10-05,feature_19,5,1575,0,0
U-37ca3e,S-b37b2a,2023-05-15,feature_39,10,490,0,0
U-e3a441,S-30c045,2024-05-10,feature_18,6,2136,0,1
U-6f8360,S-3d7bed,2024-07-26,feature_26,11,4268,1,0
U-b4955e,S-d841e4,2023-11-05,feature_3,13,5083,1,0
U-ec63ad,S-150c71,2023-05-10,feature_8,12,4032,0,0
U-50b109,S-a83bf1,2024-09-17,feature_39,5,2255,1,0
U-3ba5b5,S-0146f6,2023-05-21,feature_21,6,2640,0,0
U-3be137,S-a405f7,2023-07-08,feature_12,14,1848,0,0
U-be3de7,S-6ca9be,2023-01-09,feature_22,12,2952,0,1
U-5defa4,S-f762a3,2024-10-12,feature_19,9,4095,1,0
U-873e14,S-02c3e7,2023-09-22,feature_32,11,3509,1,0
U-ae8442,S-f74e00,2024-02-03,feature_20,9,5031,0,0
U-5da0da,S-cd0f21,2024-12-02,feature_21,9,3474,2,0
U-fa7f1b,S-46a7eb,2023-08-17,feature_39,12,5424,0,0
U-9194c6,S-0d86a4,2023-06-24,feature_7,7,1694,0,0
U-1234a8,S-eef0cd,2023-08-19,feature_21,9,99,0,0
U-7c395f,S-505f35,2023-03-25,feature_9,15,4485,0,0
U-f04580,S-52699f,2023-12-23,feature_14,7,763,0,0
U-598036,S-3503b4,2024-12-19,feature_39,9,558,0,0
U-bf70b4,S-b3bd43,2023-09-13,feature_26,7,945,0,1
U-d6683b,S-404ecd,2023-04-04,feature_5,6,2928,0,0
U-69a6be,S-a7360b,2024-10-17,feature_10,14,6706,0,0
U-267cb6,S-a36281,2023-06-10,feature_28,11,3102,0,1
U-cc0a8b,S-da9362,2024-10-19,feature_35,10,2570,2,0
U-465daa,S-632337,2024-07-23,feature_21,11,3663,3,0
U-e1bc8a,S-5aaf6f,2023-11-29,feature_11,11,2090,1,0
U-b62c70,S-d1dbf7,2024-11-15,feature_20,8,1432,0,0
U-2a662b,S-d8c527,2023-05-24,feature_21,10,1080,0,0
U-48458b,S-53b07a,2023-04-29,feature_33,8,2720,0,0
U-367c9c,S-70b655,2024-01-13,feature_40,13,1183,1,1
U-5f5d17,S-6bdda7,2023-03-10,feature_4,9,3141,0,0
U-635a85,S-753a0a,2024-06-25,feature_4,12,4512,0,0
U-2429d3,S-5178de,2024-09-05,feature_6,12,3228,0,0
U-ea0e0f,S-ea8479,2024-04-10,feature_20,15,4200,0,0
U-d6a819,S-e81358,2023-08-24,feature_24,11,2464,0,0
U-0a3df9,S-fbee8e,2023-05-25,feature_20,10,4530,0,0
U-138a2c,S-b4b084,2023-10-30,feature_8,7,3339,0,0
U-143f25,S-cfcd07,2023-12-31,feature_38,10,3120,0,0
U-274cd5,S-73cd99,2024-04-15,feature_13,11,2981,0,0
U-bf3502,S-ea71b5,2024-09-09,feature_14,9,378,0,1
U-1645ef,S-dacc80,2023-08-25,feature_32,9,4743,0,0
U-7e76cb,S-eef0cd,2023-02-01,feature_15,8,1632,0,1
U-168352,S-52b9a9,2024-06-26,feature_14,11,4796,0,1
U-3b983e,S-8e719f,2023-03-12,feature_13,5,1250,0,0
U-977d9e,S-79e254,2024-09-07,feature_12,8,3536,1,0
U-0701df,S-682d28,2024-06-09,feature_31,7,3661,1,0
U-93351f,S-75985b,2023-06-29,feature_36,14,1036,0,0
U-33e7f8,S-150930,2023-06-28,feature_31,7,3927,0,1
U-ca599f,S-e7de53,2023-07-21,feature_1,2,594,0,0
U-c1977a,S-2f07f6,2024-03-21,feature_12,8,2624,2,0
U-4a826a,S-65c079,2023-11-17,feature_12,6,780,0,0
U-e6393b,S-78c894,2024-12-09,feature_20,8,3384,0,0
U-4e53dd,S-50815c,2024-11-07,feature_14,9,3060,0,0
U-43258e,S-3af70e,2024-05-09,feature_33,8,448,0,0
U-bd442d,S-86fd71,2024-06-08,feature_37,15,1710,0,0
U-2442fc,S-f7b517,2024-03-11,feature_31,10,1970,0,0
U-29f5d8,S-44483e,2023-10-13,feature_25,12,6156,0,0
U-a0f8ad,S-8ae507,2024-05-05,feature_29,10,3920,1,0
U-7b4134,S-9d7c19,2024-08-29,feature_26,9,639,0,0
U-3d5a13,S-2aa395,2023-08-18,feature_14,14,5740,0,1
U-ec2195,S-413a1d,2024-08-24,feature_39,12,7128,0,0
U-3f0c1e,S-76cdf1,2024-01-21,feature_28,14,3822,0,0
U-61865a,S-44ed0c,2023-02-23,feature_40,13,7709,0,0
U-834415,S-618471,2023-01-30,feature_3,14,1666,0,0
U-ac845c,S-7b647e,2024-06-29,feature_39,7,4004,0,1
U-fff658,S-509f0d,2024-05-06,feature_15,8,4768,0,0
U-5a1187,S-c7f564,2024-06-28,feature_15,12,4236,0,0
U-3daae6,S-61efc1,2023-04-08,feature_6,8,4464,0,0
U-1ee320,S-ac2157,2024-02-24,feature_34,10,3020,0,0
U-0586cb,S-f110db,2023-06-24,feature_19,9,3636,0,0
U-f856f9,S-e5fdf9,2024-06-10,feature_34,8,2472,0,0
U-16731a,S-91709b,2024-08-19,feature_24,13,5889,0,0
U-7244ea,S-fc8f09,2024-07-28,feature_24,9,4563,0,0
U-1fb698,S-7456c5,2024-10-12,feature_37,11,3971,0,0
U-c6124b,S-b8c3e6,2023-05-10,feature_34,8,944,3,0
U-075d74,S-14b7f3,2023-02-22,feature_12,7,1057,0,1
U-c878da,S-34f2f9,2024-03-27,feature_38,15,7170,0,0
U-969a5a,S-a18ab0,2024-09-15,feature_5,8,1160,0,0
U-134566,S-c069ab,2024-06-25,feature_35,4,788,2,0
U-070e22,S-c13970,2024-04-07,feature_6,12,5736,0,0
U-1e9ca9,S-3660bb,2023-12-03,feature_38,9,4914,0,0
U-051703,S-c069ab,2023-09-26,feature_22,12,1272,1,0
U-553972,S-7134c2,2023-07-31,feature_28,8,4104,1,0
U-a8df59,S-dbc4d5,2024-06-19,feature_26,15,8100,0,0
U-bc0b32,S-02be35,2023-03-26,feature_12,16,3632,0,0
U-01c367,S-c10f0c,2023-08-03,feature_34,7,3633,2,0
U-a9a4b3,S-47cf94,2024-03-20,feature_35,5,605,1,0
U-4ed20c,S-3fe1c3,2024-08-14,feature_16,7,3556,0,0
U-580949,S-a18ab0,2023-03-23,feature_18,12,4188,0,0
U-140299,S-69a7ce,2023-01-12,feature_2,9,5319,0,0
U-20054c,S-a5cf6d,2023-04-18,feature_29,12,5808,2,0
U-c4e343,S-718116,2023-02-18,feature_24,10,3280,0,0
U-004f42,S-7cc0ec,2024-07-27,feature_28,8,3504,1,0
U-9856ee,S-fcbd92,2023-08-01,feature_15,14,5418,0,0
U-03609f,S-285534,2024-10-05,feature_21,17,8857,0,0
U-3c135a,S-3fbf9e,2023-01-22,feature_30,10,170,1,0
U-b033bc,S-57019e,2023-07-19,feature_9,7,2863,0,0
U-f42b0a,S-02ec76,2023-05-05,feature_8,7,4158,0,0
U-9411cb,S-0ba1fe,2024-08-21,feature_6,14,210,0,0
U-06e50e,S-05555d,2024-06-29,feature_9,16,9472,0,0
U-20294a,S-e76552,2023-11-11,feature_9,5,1635,1,0
U-54c49d,S-5d0f41,2023-05-05,feature_16,6,2646,2,0
U-e4c809,S-abd244,2024-08-10,feature_4,11,6028,0,1
U-adff00,S-3bdedd,2024-07-01,feature_7,9,4671,0,0
U-3193b7,S-3bd95c,2023-02-13,feature_19,12,4080,0,0
U-aa63c6,S-d26ff6,2023-05-19,feature_20,6,1332,0,0
U-641279,S-f83141,2023-07-31,feature_26,9,684,2,0
U-264e22,S-0144ac,2024-12-14,feature_34,10,5130,0,1
U-189154,S-3a4336,2024-01-24,feature_26,7,1036,1,1
U-aa0c7f,S-d49a8f,2023-03-22,feature_14,6,2172,1,0
U-40feaa,S-bb7eef,2024-09-05,feature_26,7,4102,0,0
U-0db38f,S-5e7357,2023-08-03,feature_23,4,1008,0,0
U-4c3805,S-b6793d,2024-12-22,feature_1,9,3114,0,0
U-c76e23,S-264c8a,2023-11-26,feature_28,10,970,1,0
U-4f79ff,S-96ead2,2024-10-10,feature_19,6,2796,0,0
U-a474ed,S-9a7851,2023-03-30,feature_22,13,5200,0,0
U-ceb9d5,S-e32b16,2023-09-03,feature_38,5,2520,0,0
U-56d8d9,S-58239c,2023-07-10,feature_23,11,3960,0,0
U-c0d53e,S-108282,2023-04-14,feature_25,16,4832,5,0
U-3713d2,S-09251c,2024-02-07,feature_40,11,528,0,0
U-f41932,S-e33883,2024-06-04,feature_16,9,4383,0,0
U-7be8cf,S-1c2a4a,2023-07-06,feature_30,10,330,0,0
U-ca1b71,S-2b4a26,2024-07-11,feature_39,13,5668,0,0
U-710803,S-2e84f2,2024-02-24,feature_1,5,1780,0,1
U-b4ab0e,S-b72911,2023-10-30,feature_12,11,5918,0,0
U-4ef8dc,S-023f3c,2024-01-22,feature_17,3,801,0,0
U-dd2a66,S-45baa6,2024-12-22,feature_27,12,996,0,0
U-2e242d,S-763384,2023-04-18,feature_40,9,4293,5,0
U-14a05a,S-d9d52b,2024-10-11,feature_14,7,2429,3,1
U-b10226,S-6c4770,2024-10-12,feature_20,10,4240,0,0
U-e733c5,S-8856af,2023-02-13,feature_24,6,792,0,0
U-ece899,S-682d28,2023-07-13,feature_36,9,5076,0,0
U-7c86ba,S-477506,2023-05-19,feature_32,5,1120,0,0
U-2a64f5,S-dabcd2,2023-09-28,feature_10,12,6036,0,0
U-209cca,S-92afb8,2023-08-02,feature_28,8,1136,2,0
U-1c9dfd,S-8a6579,2023-04-15,feature_17,10,2700,0,0
U-616ac7,S-9d8525,2024-04-09,feature_8,16,8736,1,0
U-1a2c24,S-453f00,2023-08-24,feature_38,14,4606,0,0
U-632401,S-023f5f,2023-01-23,feature_37,16,6816,0,0
U-f051bc,S-7e7a73,2023-02-15,feature_27,13,6656,0,0
U-37ed9e,S-ede33a,2023-09-24,feature_39,13,104,1,0
U-772ba0,S-fa03a5,2023-06-27,feature_12,7,3654,0,0
U-12dca4,S-df0314,2023-10-12,feature_40,10,5260,0,0
U-b8a483,S-f24609,2023-10-04,feature_21,12,4368,1,0
U-c271e0,S-c899a3,2024-12-24,feature_16,16,5456,5,0
U-b411ab,S-466093,2024-04-09,feature_9,10,5070,0,0
U-07681c,S-bb45bb,2024-04-09,feature_18,11,2266,0,0
U-f4490f,S-33e40e,2024-10-19,feature_28,14,7994,0,0
U-1afde0,S-d0259a,2023-05-03,feature_7,12,4764,0,0
U-6efa93,S-d31de5,2023-02-05,feature_13,17,5389,0,0
U-71f29f,S-3ee288,2024-08-27,feature_33,11,5940,0,1
U-ba8898,S-add03a,2024-06-03,feature_32,10,2150,0,0
U-fae10a,S-19abcf,2024-04-26,feature_29,12,4464,3,0
U-170c24,S-b95b76,2023-08-16,feature_15,13,2912,0,0
U-c0330a,S-487d18,2023-10-18,feature_31,10,4650,0,0
U-d2175a,S-e260ff,2023-09-15,feature_7,11,2673,0,0
U-a19605,S-2923fc,2024-09-11,feature_1,10,1200,2,0
U-0dd3a6,S-ece5a5,2023-07-17,feature_33,8,3472,0,0
U-200965,S-3c0121,2023-07-10,feature_35,12,1620,0,0
U-920c5c,S-6e177f,2023-05-17,feature_23,9,2475,0,0
U-aa8899,S-c14b9d,2023-02-10,feature_17,14,1036,2,0
U-3ac28a,S-718bf5,2023-08-27,feature_6,12,480,0,0
U-74f86d,S-94b283,2024-04-06,feature_30,7,994,1,0
U-18c81c,S-10bd09,2023-10-02,feature_18,12,864,0,0
U-0d71ea,S-029c20,2023-02-27,feature_32,12,3396,0,0
U-822d01,S-3b29ea,2024-08-01,feature_14,5,840,1,0
U-a0b26e,S-9b8421,2024-01-16,feature_16,10,5690,0,0
U-0b0303,S-631547,2023-03-02,feature_40,12,5988,1,0
U-d0fe84,S-918151,2023-04-12,feature_10,9,1368,0,0
U-5f0efa,S-455183,2024-07-11,feature_30,14,462,0,0
U-cc74a2,S-57800a,2024-07-25,feature_31,6,954,0,0
U-cb1683,S-7f9ce5,2023-09-19,feature_37,6,2526,0,0
U-714cc8,S-91b63c,2023-07-07,feature_12,13,5031,0,0
U-ac2ce7,S-8ca9f0,2024-05-22,feature_20,7,1064,3,0
U-91d7bb,S-4eb120,2023-10-24,feature_1,15,4140,0,1
U-b2e51e,S-88bc66,2023-06-26,feature_27,11,1177,0,0
U-2647db,S-15a058,2024-06-30,feature_40,16,912,3,0
U-8e0334,S-ae3270,2023-07-17,feature_20,11,4356,0,0
U-d6e151,S-befdf1,2024-03-17,feature_7,13,5135,1,0
U-6c9e53,S-0ecec7,2023-02-21,feature_31,11,187,3,0
U-6b7aa1,S-635570,2024-07-13,feature_26,10,4640,1,0
U-7cbd9d,S-8d2824,2023-02-27,feature_10,3,120,0,0
U-4912d5,S-0b2ac3,2024-08-31,feature_22,3,741,2,0
U-a26aef,S-d3d720,2024-02-29,feature_9,6,456,1,0
U-f8bf12,S-6bc703,2024-01-05,feature_13,14,5936,1,0
U-c3499c,S-d604ec,2024-08-20,feature_2,10,150,0,0
U-7d73f6,S-9daaad,2024-04-21,feature_31,15,4875,0,0
U-844b66,S-d57a67,2023-03-03,feature_7,6,3066,1,0
U-d42d1d,S-3a897f,2023-05-20,feature_22,10,5810,3,0
U-047e6e,S-72b4f2,2023-01-27,feature_30,12,2712,0,0
U-6012ae,S-620b62,2023-04-02,feature_13,10,400,3,0
U-4a379c,S-112733,2023-06-25,feature_11,11,1100,0,0
U-c584eb,S-8e6903,2023-07-29,feature_35,8,3152,0,0
U-d8725b,S-22c66b,2023-02-12,feature_33,6,2928,0,0
U-12ddc9,S-44d025,2024-11-01,feature_25,10,5120,1,0
U-fa0d76,S-eff018,2023-07-10,feature_8,10,300,0,0
U-a1e7a9,S-46b63b,2023-11-20,feature_18,6,2532,0,0
U-4776aa,S-c899a3,2024-05-22,feature_8,14,8232,0,0
U-8cf650,S-d81959,2024-07-14,feature_5,12,5880,0,0
U-8d33bf,S-36f6ec,2024-04-10,feature_17,11,3498,0,0
U-ab4108,S-673c51,2024-02-21,feature_4,10,1530,0,0
U-a84daa,S-4c7591,2023-11-05,feature_19,8,1112,1,0
U-48fe02,S-65e38d,2024-01-05,feature_10,13,1300,3,0
U-26be4c,S-dd220e,2023-01-16,feature_10,6,2130,0,0
U-0f4565,S-33472f,2023-08-08,feature_38,12,3372,0,0
U-013527,S-c35f78,2023-05-26,feature_2,12,3396,1,0
U-1a1723,S-330457,2024-04-01,feature_31,10,1890,0,0
U-bed88e,S-396546,2024-09-23,feature_2,13,2834,0,0
U-d7f073,S-585c3b,2024-03-06,feature_23,14,4592,2,0
U-fb7079,S-a1d67e,2023-08-19,feature_9,7,3402,1,0
U-ba3192,S-a81bcd,2023-03-22,feature_30,11,3432,0,0
U-dd1647,S-ce5636,2023-01-25,feature_9,11,3091,2,0
U-711271,S-ad02b5,2024-12-09,feature_23,11,6138,0,0
U-7c2e7e,S-87db32,2023-04-25,feature_25,8,336,0,0
U-8ad4a5,S-b4c914,2023-04-19,feature_7,6,3558,1,0
U-8fe1ce,S-8a4156,2023-11-24,feature_35,11,6600,3,0
U-1e3a87,S-2fc8fa,2023-06-24,feature_28,15,8370,2,0
U-c0dabc,S-a02981,2024-12-20,feature_19,4,2212,0,0
U-954547,S-0eff34,2023-09-19,feature_31,9,5166,4,0
U-1d4379,S-6d507b,2024-06-10,feature_27,5,670,0,0
U-34bc7e,S-88bc66,2024-04-19,feature_25,11,715,0,0
U-8128da,S-6c969d,2024-05-27,feature_34,9,2520,0,0
U-be7f33,S-ad3ef7,2024-04-12,feature_17,13,377,0,0
U-68a1a0,S-013f5c,2023-08-25,feature_29,8,4600,0,0
U-1272cc,S-389426,2024-08-01,feature_8,6,3540,0,0
U-ad8fcf,S-8324d4,2024-05-17,feature_19,11,6435,1,0
U-e7fed1,S-4d8a27,2023-03-29,feature_28,9,2808,2,0
U-c7326c,S-f7b0e0,2023-02-21,feature_26,10,5890,0,0
U-90c4b6,S-37879d,2023-07-26,feature_26,7,945,0,0
U-4a600d,S-6e780e,2023-11-30,feature_15,17,4930,0,0
U-e12cb2,S-c08805,2023-10-03,feature_33,13,5876,1,0
U-d37dad,S-1a2f35,2024-04-04,feature_3,10,5210,0,1
U-125149,S-f7fa56,2023-05-01,feature_15,12,7104,0,1
U-1f20b7,S-576519,2024-02-25,feature_21,12,3420,0,0
U-c4dfca,S-c8d680,2023-07-11,feature_10,15,210,1,0
U-2b658c,S-f9df40,2023-03-09,feature_11,6,1254,1,0
U-284ec0,S-150c8e,2024-12-03,feature_10,12,228,0,0
U-b3d8e7,S-19465f,2023-12-03,feature_1,6,1308,0,0
U-bff7bd,S-01ae7f,2023-01-03,feature_4,9,234,0,1
U-02f12f,S-fc9cc3,2024-07-15,feature_34,7,2730,0,0
U-b4b166,S-9fc9f5,2023-10-26,feature_26,3,1407,0,0
U-524821,S-29597a,2024-08-30,feature_8,6,54,1,0
U-415527,S-b3bd43,2024-06-12,feature_34,10,5900,0,0
U-fdbd1b,S-e6571c,2023-04-03,feature_8,8,2104,0,1
U-cb6a93,S-cfcd07,2024-02-20,feature_1,7,196,0,0
U-79f9a0,S-108caf,2023-04-05,feature_25,14,8204,1,0
U-ef4070,S-ffe125,2023-08-29,feature_9,5,2555,0,0
U-07b8c4,S-e6b35a,2024-04-12,feature_38,9,4941,0,0
U-fa5d3a,S-ce5fb5,2024-04-15,feature_40,3,150,0,0
U-4ee846,S-e874c1,2023-01-10,feature_35,11,3839,0,0
U-834ba1,S-81caea,2024-07-10,feature_6,16,9040,3,0
U-e74ab8,S-ae4bb3,2024-05-06,feature_17,7,2814,0,1
U-293edb,S-673c51,2023-02-11,feature_4,10,280,0,0
U-0f1836,S-7077ab,2024-08-26,feature_33,16,4608,0,0
U-ddc06e,S-0aba5b,2023-09-13,feature_28,13,1638,1,0
U-2a911c,S-038c7d,2023-09-08,feature_29,6,534,0,0
U-db1ab5,S-770018,2024-06-19,feature_6,16,5280,0,0
U-8a347a,S-937207,2024-11-09,feature_39,6,3438,4,0
U-75b58f,S-165850,2024-12-11,feature_17,13,4446,0,0
U-b4e56a,S-720940,2023-05-25,feature_37,11,3531,0,0
U-ce3192,S-8ec197,2023-01-19,feature_13,12,3252,2,0
U-cd3be7,S-e505c1,2023-03-12,feature_24,4,852,1,1
U-be201b,S-164594,2023-09-02,feature_18,14,5978,0,0
U-b42f5e,S-301b73,2023-01-31,feature_29,10,3340,3,0
U-df89ea,S-bba658,2024-08-11,feature_39,12,3132,1,0
U-c494d9,S-812c7c,2024-08-18,feature_18,8,3352,2,0
U-c1d494,S-c0d979,2024-03-28,feature_10,8,472,3,0
U-4c6d44,S-c17a35,2023-03-01,feature_36,14,2044,0,0
U-bc91b7,S-aad754,2024-10-21,feature_2,9,1323,0,0
U-2abf5d,S-8b24a0,2023-04-04,feature_33,5,800,0,0
U-220ee2,S-d322a2,2024-10-30,feature_15,16,8480,1,0
U-0ff38e,S-97a57b,2024-09-02,feature_19,6,36,2,0
U-f9b81d,S-540cee,2024-02-05,feature_10,14,546,1,0
U-ae4302,S-59778a,2023-12-21,feature_33,19,1444,0,1
U-89e6c7,S-7ea5d9,2023-09-26,feature_21,10,1440,1,0
U-2784aa,S-ac42e8,2023-08-21,feature_23,9,1818,0,0
U-1d3c10,S-12e3ff,2023-11-16,feature_11,8,1856,0,0
U-caad16,S-762cae,2024-04-10,feature_2,13,169,0,0
U-957e02,S-4911f9,2023-03-31,feature_11,12,1212,0,0
U-166733,S-d0259a,2023-05-23,feature_36,10,3440,0,0
U-2abe9b,S-7f7e38,2024-07-16,feature_8,5,2165,0,0
U-85169f,S-d6c9dc,2024-10-05,feature_12,12,4080,0,0
U-f65906,S-68e134,2024-08-01,feature_2,9,2682,0,1
U-b30ec7,S-04ab7e,2023-04-28,feature_3,7,469,0,1
U-d369db,S-196c1e,2024-09-08,feature_12,6,1374,2,0
U-b982ed,S-60b7c7,2023-09-28,feature_28,7,2961,0,0
U-f56aae,S-4d1ba6,2023-02-25,feature_6,8,1080,0,0
U-0f8d52,S-55a520,2023-09-06,feature_34,10,1510,1,0
U-b94851,S-b8caad,2023-03-30,feature_2,13,1248,0,1
U-495986,S-f5efe4,2023-07-25,feature_9,9,5274,1,0
U-3e2b3b,S-041553,2023-03-12,feature_23,10,960,0,0
U-9e1466,S-70e232,2023-01-31,feature_17,17,9350,0,0
U-c5efe8,S-c3b622,2023-01-12,feature_32,7,3108,0,0
U-0d87c3,S-39c024,2023-11-29,feature_15,13,3497,0,0
U-be44f2,S-a5a40b,2024-01-26,feature_3,9,2853,2,0
U-9d19ed,S-4311fb,2023-05-28,feature_29,8,3472,2,0
U-5bc468,S-d9f26e,2024-10-11,feature_20,15,5955,0,0
U-eac4ea,S-851bbe,2023-04-20,feature_40,9,855,0,0
U-aeb885,S-b4b400,2023-08-31,feature_1,14,5306,0,0
U-a5f57a,S-e093a9,2024-10-02,feature_14,8,2568,0,0
U-7f84e1,S-da2f0b,2023-06-02,feature_17,15,3675,0,1
U-23996a,S-d041d2,2024-07-25,feature_27,10,900,0,0
U-5ca389,S-525d6b,2024-02-24,feature_35,13,2314,1,1
U-e0c539,S-6c109f,2023-11-22,feature_7,8,1072,1,0
U-28af0e,S-f3c329,2024-11-15,feature_12,11,4488,1,0
U-96c7ce,S-0bdbb3,2023-01-04,feature_33,9,3654,0,0
U-556fae,S-1ffdd8,2024-12-21,feature_25,10,3640,0,0
U-672509,S-8fd98a,2023-06-06,feature_9,10,2870,0,1
U-8f396f,S-16ef7a,2024-09-28,feature_29,8,3384,0,0
U-7b4d7b,S-5ddeef,2024-03-28,feature_33,7,1967,0,0
U-70300f,S-d5ac8c,2024-04-29,feature_30,9,783,0,0
U-bf94d3,S-b6e15a,2024-08-15,feature_4,9,1953,1,0
U-ab8577,S-561d54,2023-01-16,feature_3,8,3416,1,0
U-b4c845,S-59f6b6,2024-06-06,feature_20,13,6721,2,0
U-a2a2ef,S-b70eef,2024-05-09,feature_20,8,1232,0,1
U-ef6b52,S-335e1e,2023-08-29,feature_21,11,3113,0,0
U-94dca5,S-b821f4,2023-11-11,feature_4,11,3509,0,1
U-5a12b2,S-ef7534,2024-01-23,feature_36,6,966,0,1
U-7e5181,S-8a4156,2023-06-04,feature_6,9,3141,0,0
U-6e82ec,S-1f4c01,2023-09-16,feature_39,17,6273,1,0
U-151fbb,S-834097,2024-01-01,feature_17,7,4151,1,0
U-c29861,S-b5035b,2023-01-18,feature_26,7,2016,0,0
U-ea5ee8,S-67c2c9,2024-10-20,feature_6,13,1703,0,0
U-3c3c88,S-c3cb12,2024-11-17,feature_40,8,4072,3,0
U-d101ad,S-2f11bb,2024-07-13,feature_36,8,696,1,0
U-76c82b,S-f1ffee,2023-05-31,feature_30,10,2600,0,1
U-8a52f4,S-c27134,2024-11-15,feature_28,14,3416,1,0
U-201714,S-2bef13,2023-08-19,feature_22,7,2093,0,0
U-f1da30,S-f0e08e,2024-05-29,feature_12,13,923,3,0
U-b8e5fc,S-2aaa9c,2024-06-13,feature_18,10,4340,0,0
U-c26ae7,S-54bb4e,2023-01-24,feature_26,12,5028,0,0
U-f7565b,S-b5e9e7,2023-01-19,feature_23,13,1365,0,0
U-66f83e,S-24a63d,2023-02-14,feature_12,7,686,0,1
U-758d51,S-f5888c,2024-01-15,feature_20,13,2665,0,0
U-985a70,S-0b80b4,2023-03-26,feature_12,11,2838,3,0
U-569a4a,S-02c3e7,2023-05-02,feature_26,10,570,2,1
U-3c2721,S-742e23,2024-09-17,feature_34,11,4829,0,0
U-6ca3b0,S-d7d398,2023-09-03,feature_32,12,1800,0,0
U-539a94,S-b250cc,2024-12-31,feature_33,11,4389,0,1
U-1799d9,S-f80ef5,2023-03-01,feature_13,5,860,1,0
U-6a9e7e,S-020222,2024-12-16,feature_13,5,560,0,0
U-c9cff4,S-8442d1,2024-04-02,feature_36,8,440,2,0
U-2eeefe,S-712f3a,2023-04-02,feature_18,8,304,0,0
U-932b0b,S-e50612,2023-08-03,feature_20,8,3928,1,0
U-900c7f,S-e7e013,2023-09-04,feature_7,11,5643,3,1
U-2cc37b,S-d97ff1,2024-08-26,feature_30,11,6303,5,0
U-da682c,S-6b200f,2023-02-16,feature_7,8,3216,0,0
U-c9df37,S-1acdd2,2023-12-30,feature_40,6,342,1,0
U-347de2,S-255846,2023-09-22,feature_7,7,4200,0,0
U-f668df,S-ba672b,2024-10-13,feature_30,20,10820,0,0
U-d1bb3e,S-947b62,2024-01-09,feature_1,10,1280,1,0
U-09ad43,S-c2fd82,2023-07-30,feature_29,7,2471,0,0
U-0facab,S-612bfb,2023-12-12,feature_34,12,2088,0,0
U-ad1439,S-bfc0f8,2023-01-24,feature_31,10,1750,4,0
U-3c9edb,S-d0c339,2024-06-25,feature_29,5,2700,1,0
U-615e4e,S-4c82da,2024-04-27,feature_9,7,3388,0,0
U-4c4926,S-7e8bd4,2023-02-27,feature_15,14,6776,0,0
U-203c3b,S-05ef15,2024-03-01,feature_7,11,4851,0,0
U-ca9d11,S-d0913e,2024-07-19,feature_33,6,708,0,0
U-3294b2,S-6d10f7,2023-06-08,feature_9,7,1484,0,0
U-c5ba26,S-f9cb96,2024-08-25,feature_25,16,4192,0,0
U-664adb,S-2b550a,2024-05-17,feature_8,14,7742,1,0
U-9d7a8d,S-7bebc1,2024-05-11,feature_22,8,1896,4,0
U-bef39b,S-790762,2024-04-03,feature_27,12,6936,0,0
U-c363d2,S-3ee7c3,2023-01-08,feature_12,4,1192,1,0
U-2f3a3e,S-79ef9b,2023-01-16,feature_36,14,5320,0,0
U-332298,S-8985d3,2024-04-21,feature_33,12,444,0,0
U-da20c9,S-0e4b0c,2023-06-23,feature_17,6,1830,1,0
U-ea96df,S-381917,2023-05-19,feature_14,9,3681,0,1
U-9ad5c0,S-f1fa8b,2023-06-16,feature_8,16,6480,4,0
U-945803,S-605115,2023-02-08,feature_25,8,3168,4,0
U-5689f5,S-9f13f8,2023-12-27,feature_30,10,2700,0,0
U-b4194b,S-7ac9dd,2024-11-13,feature_31,7,175,0,0
U-6fe22b,S-af4e84,2024-03-29,feature_23,7,504,0,0
U-f0822b,S-6d6bde,2024-09-26,feature_8,14,3584,2,0
U-c3d78d,S-95aaf8,2024-01-09,feature_10,10,960,2,0
U-704825,S-24631a,2023-02-26,feature_8,5,2105,0,0
U-f9e9a9,S-fa2170,2023-05-29,feature_25,8,632,0,0
U-420ea4,S-6762fa,2024-05-06,feature_1,11,2497,2,0
U-66dc72,S-d88f58,2024-01-08,feature_3,7,3780,0,0
U-c463f2,S-783131,2023-06-10,feature_19,10,2210,0,0
U-f4b0aa,S-bb1a91,2024-09-26,feature_35,6,1392,0,0
U-6d281c,S-66f0d0,2023-05-21,feature_19,11,6149,0,0
U-8f83ad,S-731ee3,2024-05-30,feature_5,10,2300,0,0
U-164aea,S-e98d6b,2023-01-11,feature_20,11,1254,3,0
U-25d4fe,S-f971ab,2024-09-07,feature_5,9,180,0,0
U-6b60ba,S-7052a5,2023-08-23,feature_3,6,930,0,0
U-870d66,S-aba835,2024-01-13,feature_5,9,3519,0,0
U-bc8036,S-53e028,2024-01-09,feature_36,7,2814,0,0
U-0845cd,S-24d19a,2024-02-18,feature_16,8,1928,0,0
U-b124dc,S-0ada66,2023-08-27,feature_20,14,7952,0,1
U-46bf3e,S-795878,2023-04-06,feature_1,8,2704,2,0
U-fbcabd,S-ceffe9,2023-05-02,feature_18,9,4635,0,0
U-0f3e42,S-7fc49b,2023-09-23,feature_10,13,6591,1,0
U-4a397b,S-c1c645,2024-08-22,feature_28,15,1950,0,0
U-f31c85,S-96e3e8,2024-04-28,feature_16,12,6840,0,0
U-ce5e28,S-525864,2023-11-25,feature_8,12,1740,0,0
U-ae8aa7,S-25270a,2023-03-20,feature_29,5,2545,0,0
U-86de4a,S-c45df0,2023-04-11,feature_9,14,3416,1,0
U-5e1873,S-770f21,2024-01-17,feature_37,9,4626,0,0
U-d2d7c7,S-d5eae3,2023-04-11,feature_22,14,5250,0,0
U-3b263c,S-951053,2023-06-08,feature_25,17,867,0,0
U-624256,S-c59b3b,2024-04-17,feature_11,10,2370,1,0
U-613b8a,S-f429e0,2023-01-20,feature_10,7,2149,0,0
U-dc4205,S-b75a31,2024-03-21,feature_24,12,3492,0,0
U-14547f,S-c84ce4,2024-04-18,feature_30,13,1937,0,0
U-04d214,S-534c28,2024-01-02,feature_5,12,5484,0,0
U-780a61,S-f463d3,2023-01-28,feature_30,7,1491,0,0
U-52f7d1,S-ba8c46,2024-05-27,feature_30,9,1170,1,0
U-618dec,S-561d54,2024-01-29,feature_17,13,6461,1,0
U-3fe671,S-44c2c1,2024-10-18,feature_15,9,4473,0,0
U-978a48,S-992c2a,2023-08-10,feature_7,14,7042,0,1
U-a1c595,S-155b3e,2023-11-11,feature_15,7,3829,0,0
U-eb4a47,S-80c01c,2023-07-10,feature_29,8,2464,0,0
U-ec761c,S-409291,2023-11-05,feature_33,9,3033,0,0
U-0eeabf,S-2a312e,2024-11-18,feature_12,15,5955,5,0
U-82dac5,S-a554da,2023-06-15,feature_37,14,2534,0,1
U-01d69d,S-396a83,2023-09-23,feature_26,10,5450,1,0
U-bc99da,S-c58ed5,2023-06-01,feature_29,15,2925,0,0
U-861db7,S-448b6d,2024-06-12,feature_20,10,510,0,0
U-dd928b,S-6bdda7,2024-03-02,feature_28,8,2088,0,0
U-3522e7,S-5e5ff0,2023-01-11,feature_29,14,5474,2,0
U-3a4eec,S-905752,2023-05-28,feature_31,8,592,2,0
U-408ffa,S-826d19,2023-12-13,feature_14,15,8490,1,0
U-50b05f,S-5901a1,2024-05-02,feature_27,16,2336,0,0
U-974cd3,S-41128b,2024-09-10,feature_9,11,2508,1,0
U-ac8894,S-0802a4,2024-03-17,feature_33,7,3437,0,0
U-d6c43d,S-f9a56a,2023-02-23,feature_27,10,350,1,0
U-a8d0cd,S-089fa7,2024-06-13,feature_34,10,4070,0,0
U-3516f8,S-3ae8d8,2024-11-26,feature_15,8,1480,0,1
U-2f47a9,S-8a9db8,2024-12-11,feature_22,11,4224,0,0
U-9d7d70,S-8bac4e,2023-09-23,feature_1,8,2880,1,0
U-c2aca1,S-9aa190,2024-12-04,feature_34,11,1683,0,0
U-b6ae57,S-e76552,2023-07-24,feature_37,7,3031,0,0
U-e55708,S-7679b6,2023-12-02,feature_39,12,5580,0,0
U-959802,S-0a01c5,2023-09-21,feature_1,6,1956,0,0
U-9cebc4,S-24cdb5,2024-11-29,feature_21,10,4260,0,0
U-1e01e7,S-3a57be,2023-03-01,feature_31,6,3102,0,0
U-feac9f,S-9d8ac4,2024-04-19,feature_32,9,3168,2,0
U-fe3883,S-e301c9,2023-09-18,feature_11,7,3157,0,0
U-e825c8,S-e7d026,2024-08-23,feature_2,11,2772,0,0
U-ad672a,S-07976e,2023-09-23,feature_10,6,1140,0,0
U-77d270,S-84c44b,2023-08-04,feature_26,11,1518,2,0
U-642e82,S-56c23b,2023-07-31,feature_12,11,726,0,0
U-7a9cd2,S-a6010b,2023-06-29,feature_10,13,6474,3,0
U-3e1cb8,S-d93967,2023-04-19,feature_5,12,5760,0,0
U-c5e79a,S-e98121,2024-10-28,feature_32,15,6615,1,0
U-f1c518,S-155934,2023-05-04,feature_32,5,570,0,0
U-cab59a,S-75c438,2023-06-18,feature_4,14,4284,0,0
U-13a2d0,S-aa5f00,2024-09-23,feature_35,11,4235,0,0
U-6d7d29,S-de543d,2023-10-23,feature_18,9,5130,0,0
U-18d60d,S-f65381,2024-08-13,feature_36,6,1458,0,0
U-d3a501,S-163e9d,2024-01-19,feature_12,8,888,0,0
